{"mean": 3.15513468013468, "acc_atom": 0.47087542087542084, "ic_atom": 0.3365223814459566, "rc_atom": 0.7448989898989898}