{"mean": 2.983174603174603, "acc_atom": 0.36970238095238095, "ic_atom": 0.44096548613919584, "rc_atom": 0.818820347846271}